<?xml version="1.0"?>
<request xmlns:xsi="http://www.w3.org/2001/XMLSchema-instance" xsi:noNamespaceSchemaLocation="file:///m:/MerchServProviders/WorldFirst/xsd/request.xsd">
	<atomic>false</atomic>
	<testing>true</testing>
	<getquote>
		<settlementdate>2010-12-16</settlementdate>
		<buycurr>EUR</buycurr>
		<sellcurr>GBP</sellcurr>
		<side>B</side>
		<amount>100.00</amount>
	</getquote>
	<payment>
		<paymentid>1234</paymentid>
		<sellcurrency>GBP</sellcurrency>
		<amount>100.00</amount>
		<paymentdate>2010-12-16</paymentdate>
		<paymenttype>SEPA</paymenttype>
		<reason>18</reason>
		<beneficiary>
			<accholder>Customer</accholder>
			<accholderadd1>Address</accholderadd1>
			<curr>EUR</curr>
			<bankname>Your Bank</bankname>
			<bankcode>13-24-56</bankcode>
			<accno>11112222</accno>
			<bankadd1>999 lombard street</bankadd1>
			<bankadd2>Barcelona</bankadd2>
			<bankcountry>ES</bankcountry>
			<iban>ES9121000418450200051332</iban>
			<bic>WFSTGB01</bic>
		</beneficiary>
	</payment>
</request>