<?xml version="1.0" encoding="utf-8" ?>
<Configuration>
	<version major="1" minor="1"/>
	<form name="Customers" DefaultView="table" readonly="true" from="CUSTOMERS" where="">
		<tab name="General">
			<field hidden="true" name="Cust ID" fieldstyle="text" mandatory="true" sql="">CUST</field>
			<field name="Cust Number" fieldstyle="text" mandatory="true" sql="">CUSTNAME</field>
			<field name="Cust Name" fieldstyle="text" readonly="true" mandatory="true" sql="">CUSTDES</field>
			<field name="Cust Type" fieldstyle="list" mandatory="true" ListSource="CTYPE" ListValueCol="CUSTTYPE" ListTextCol="CTYPENAME">CUSTTYPE</field>
			<field name="Cust Since" fieldstyle="date">CREATEDDATE</field>
		</tab>
		<tab name="Address">
			<field name="Street 1" mandatory="true" sql="">ADDRESS1</field>
		</tab>
		<form name="Contacts" DefaultView="table" readonly="false" from="PHONEBOOK" where="">
			<filter>CUST=':$$.CUST'</filter>
			<tab name="General">
				<field name="Contact ID" mandatory="true" hidden="true">PHONE</field>
				<field name="Customer ID" mandatory="true" hidden="true">CUST</field>
				<field name="Name" mandatory="true">NAME</field>
				<field name="Phone" mandatory="true">PHONENUM</field>
				<field name="Email">EMAIL</field>
			</tab>
			<PostInsert table="" procedure="">
				<Record recordtype="1" vartype="TEXT" field=":$$.Cust"/>
				<Record recordtype="2" vartype="TEXT" field=":$.Name"/>
			</PostInsert>
			<PostUpdate table="" procedure="">
				<Record recordtype="1" vartype="TEXT" field=":$$.Cust"/>
				<Record recordtype="2" vartype="TEXT" field=":$.SiteCode"/>
			</PostUpdate>
		</form>
		<form name="Sites" DefaultView="table" readonly="false" from="SITES" where="">
			<filter>CUST=:$$.Cust</filter>
			<tab name="General">
				<field name="Site Code" mandatory="true" sql="">SITES.CODE</field>
			</tab>
			<PostInsert table="" procedure="">
				<Record recordtype="1" vartype="TEXT" field=":$$.Cust"/>
				<Record recordtype="2" vartype="TEXT" field=":$.SiteCode"/>
			</PostInsert>
			<PostUpdate table="" procedure="">
				<Record recordtype="1" vartype="TEXT" field=":$$.Cust"/>
				<Record recordtype="2" vartype="TEXT" field=":$.SiteCode"/>
			</PostUpdate>
		</form>
	</form>
</Configuration>

